year;rodent;temperature;snow_depth;snow_continuous;site;morph;indiv_ID;moult_score;date
2011;4;7,03;12,89;132;Kjelsungbandet S;W;AFK_01;95;130
2011;4;7,03;12,89;132;Kjelsungbandet S;W;AFK_01;75;136
2011;4;7,03;12,89;132;Kjelsungbandet S;W;AFK_01;50;145
2011;4;7,03;12,89;132;Kjelsungbandet S;W;AFK_01;25;154
2011;4;7,03;12,89;132;Kjelsungbandet S;W;AFK_01;5;165
2011;4;7,03;12,89;132;Kjelsungbandet S;W;AFK_01;0;192
2011;4;7,03;12,89;132;Kjelsungbandet S;W;AFK_02;95;132
2011;4;7,03;12,89;132;Kjelsungbandet S;W;AFK_02;75;138
2011;4;7,03;12,89;132;Kjelsungbandet S;W;AFK_02;50;144
2011;4;7,03;12,89;132;Kjelsungbandet S;W;AFK_02;25;151
2011;4;7,03;12,89;132;Kjelsungbandet S;W;AFK_02;5;161
2011;4;7,03;12,89;132;Kjelsungbandet S;W;AFK_02;0;170
2011;4;7,03;12,89;132;Kjelsungbandet S;W;AFKN11_05;5;170
2011;4;7,03;6,69;129;Maribu-Brand;W;AFMB_01;95;131
2011;4;7,03;6,69;129;Maribu-Brand;W;AFMB_01;75;141
2011;4;7,03;6,69;129;Maribu-Brand;W;AFMB_01;50;146
2011;4;7,03;6,69;129;Maribu-Brand;W;AFMB_01;25;154
2011;4;7,03;6,69;129;Maribu-Brand;W;AFMB_01;5;168
2011;4;7,03;6,69;129;Maribu-Brand;W;AFMB_01;0;185
2011;4;7,03;6,69;129;Maribu-Brand;W;AFMB11_03;50;138
2011;4;7,03;6,69;129;Maribu-Brand;W;AFMB11_03;0;176
2011;4;7,03;6,69;129;Maribu-Brand;B;AFMB11_04;95;138
2011;4;7,03;6,69;129;Maribu-Brand;B;AFMB11_04;75;146
2011;4;7,03;6,69;129;Maribu-Brand;B;AFMB11_04;50;158
2011;4;7,03;6,69;129;Maribu-Brand;B;AFMB11_04;25;162
2011;4;7,03;6,69;129;Maribu-Brand;B;AFMB11_04;5;177
2011;4;7,03;6,69;129;Maribu-Brand;B;AFMB11_04;0;190
2011;4;7,03;29;145;Slett√∏ H√;W;AFSH_02;95;117
2011;4;7,03;29;145;Slett√∏ H√;W;AFSH_02;75;123
2011;4;7,03;29;145;Slett√∏ H√;W;AFSH_02;50;140
2011;4;7,03;29;145;Slett√∏ H√;W;AFSH_02;25;147
2011;4;7,03;29;145;Slett√∏ H√;W;AFSH_02;5;150
2011;4;7,03;29;145;Slett√∏ H√;W;AFSH_02;0;156
2011;4;7,03;29;145;Slett√∏ H√;B;AFSH_03;95;119
2011;4;7,03;29;145;Slett√∏ H√;B;AFSH_03;75;130
2011;4;7,03;29;145;Slett√∏ H√;B;AFSH_03;50;150
2011;4;7,03;29;145;Slett√∏ H√;B;AFSH_03;25;155
2011;4;7,03;29;145;Slett√∏ H√;B;AFSH_03;5;161
2011;4;7,03;29;145;Slett√∏ H√;B;AFSH_03;0;170
2011;4;7,03;29;145;Slett√∏ H√;B;AFSH11_04;50;163
2011;4;7,03;29;145;Slett√∏ H√;B;AFSH11_04;25;169
2011;4;7,03;29;145;Slett√∏ H√;B;AFSH11_04;5;171
2011;4;7,03;29;145;Slett√∏ H√;B;AFSH11_04;0;181
2011;4;7,03;29;145;Slett√∏ H√;W;AFSH11_06;50;137
2011;4;7,03;29;145;Slett√∏ H√;W;AFSH11_06;25;142
2011;4;7,03;17,39;142;Sletth√∏ La;W;AFSL11_01;95;123
2011;4;7,03;17,39;142;Sletth√∏ La;W;AFSL11_01;75;127
2011;4;7,03;17,39;142;Sletth√∏ La;W;AFSL11_01;50;138
2011;4;7,03;17,39;142;Sletth√∏ La;W;AFSL11_01;25;147
2011;4;7,03;17,39;142;Sletth√∏ La;W;AFSL11_01;5;153
2011;4;7,03;17,39;142;Sletth√∏ La;W;AFSL11_01;0;160
2011;4;7,03;17,39;142;Sletth√∏ La;B;AFSL11_02;95;124
2011;4;7,03;17,39;142;Sletth√∏ La;B;AFSL11_02;0;166
2011;4;7,03;29;145;Sletth√∏;W;AFSLE_01;95;131
2011;4;7,03;29;145;Sletth√∏;W;AFSLE_01;75;143
2011;4;7,03;29;145;Sletth√∏;W;AFSLE_01;50;154
2011;4;7,03;29;145;Sletth√∏;W;AFSLE_01;25;158
2011;4;7,03;29;145;Sletth√∏;W;AFSLE_01;5;163
2011;4;7,03;29;145;Sletth√∏;W;AFSLE_01;0;171
2011;4;7,03;29;145;Sletth√∏;B;AFSLE_02;95;134
2011;4;7,03;29;145;Sletth√∏;B;AFSLE_02;75;144
2011;4;7,03;29;145;Sletth√∏;B;AFSLE_02;50;155
2011;4;7,03;29;145;Sletth√∏;B;AFSLE_02;25;165
2011;4;7,03;29;145;Sletth√∏;B;AFSLE_02;5;171
2011;4;7,03;29;145;Sletth√∏;B;AFSLE_02;0;180
2012;1;4;149,19;184;Flya;B;AFFL12_01;95;153
2012;1;4;149,19;184;Flya;B;AFFL12_01;75;155
2012;1;4;149,19;184;Flya;B;AFFL12_01;50;161
2012;1;4;149,19;184;Flya;B;AFFL12_01;25;165
2012;1;4;149,19;184;Flya;B;AFFL12_01;5;173
2012;1;4;149,19;184;Flya;B;AFFL12_01;0;192
2012;1;4;149,19;184;Flya;W;AFFL12_02;95;150
2012;1;4;149,19;184;Flya;W;AFFL12_02;75;155
2012;1;4;149,19;184;Flya;W;AFFL12_02;50;167
2012;1;4;149,19;184;Flya;W;AFFL12_02;25;176
2012;1;4;149,19;184;Flya;W;AFFL12_03;95;150
2012;1;4;149,19;184;Flya;W;AFFL12_03;75;157
2012;1;4;149,19;184;Flya;W;AFFL12_03;50;165
2012;1;4;149,19;184;Flya;W;AFFL12_03;25;174
2012;1;4;149,19;184;Flya;W;AFFL12_04;95;156
2012;1;4;149,19;184;Flya;W;AFFL12_04;75;160
2012;1;4;149,19;184;Flya;W;AFFL12_04;50;172
2012;1;4;149,19;184;Flya;W;AFFL12_05;95;163
2012;1;4;149,19;184;Flya;W;AFFL12_05;75;169
2012;1;4;149,19;184;Flya;W;AFFL12_05;50;171
2012;1;4;149,19;184;Flya;W;AFFL12_05;25;173
2012;1;4;82,69;171;Kjelsungbandet N;W;AFK_01;50;176
2012;1;4;82,69;171;Kjelsungbandet N;W;AFK_01;25;182
2012;1;4;82,69;171;Kjelsungbandet N;W;AFK_01;5;200
2012;1;4;82,69;171;Kjelsungbandet N;W;AFK_01;0;216
2012;1;4;82,69;171;Kjelsungbandet N;W;AFK_02;95;179
2012;1;4;82,69;171;Kjelsungbandet N;W;AFK_02;75;182
2012;1;4;82,69;171;Kjelsungbandet N;W;AFK_02;50;184
2012;1;4;82,69;171;Kjelsungbandet N;W;AFK_02;25;190
2012;1;4;82,69;171;Kjelsungbandet N;W;AFK_02;5;193
2012;1;4;82,69;171;Kjelsungbandet N;W;AFK_02;0;200
2012;1;4;80,8;171;Kjelsungbandet S;W;AFKS12_04;25;207
2012;1;4;80,8;171;Kjelsungbandet S;W;AFKS12_04;5;216
2012;1;4;80,8;171;Kjelsungbandet S;W;AFKS12_04;0;226
2012;1;4;80,8;171;Kjelsungbandet S;W;AFKS12_05;25;184
2012;1;4;80,8;171;Kjelsungbandet S;W;AFKS12_05;5;198
2012;1;4;77,9;168;Maribu-Brand;W;AFMB_01;95;147
2012;1;4;77,9;168;Maribu-Brand;W;AFMB_01;75;162
2012;1;4;77,9;168;Maribu-Brand;W;AFMB_01;50;183
2012;1;4;77,9;168;Maribu-Brand;W;AFMB_01;25;187
2012;1;4;77,9;168;Maribu-Brand;W;AFMB_01;5;193
2012;1;4;77,9;168;Maribu-Brand;W;AFMB12_01;95;150
2012;1;4;77,9;168;Maribu-Brand;W;AFMB12_01;75;154
2012;1;4;77,9;168;Maribu-Brand;W;AFMB12_01;50;175
2012;1;4;77,9;168;Maribu-Brand;W;AFMB12_01;25;187
2012;1;4;77,9;168;Maribu-Brand;W;AFMB12_01;5;192
2012;1;4;77,9;168;Maribu-Brand;W;AFMB12_01;0;198
2012;1;4;77,9;168;Maribu-Brand;B;AFMB12_02;95;154
2012;1;4;77,9;168;Maribu-Brand;B;AFMB12_02;75;166
2012;1;4;77,9;168;Maribu-Brand;B;AFMB12_02;50;173
2012;1;4;77,9;168;Maribu-Brand;B;AFMB12_02;25;186
2012;1;4;77,9;168;Maribu-Brand;B;AFMB12_02;5;191
2012;1;4;77,9;168;Maribu-Brand;W;AFMB12_05;95;150
2012;1;4;77,9;168;Maribu-Brand;W;AFMB12_05;75;158
2012;1;4;77,9;168;Maribu-Brand;W;AFMB12_05;50;163
2012;1;4;77,9;168;Maribu-Brand;W;AFMB12_05;25;173
2012;1;4;77,9;168;Maribu-Brand;W;AFMB12_05;5;181
2012;1;4;77,9;168;Maribu-Brand;W;AFMB12_05;0;196
2012;1;4;77,9;168;Maribu-Brand;W;AFMB12_06;95;154
2012;1;4;77,9;168;Maribu-Brand;W;AFMB12_06;25;186
2012;1;4;77,9;168;Maribu-Brand;W;AFMB12_07;95;141
2012;1;4;77,9;168;Maribu-Brand;W;AFMB12_07;75;157
2012;1;4;77,9;168;Maribu-Brand;W;AFMB12_07;50;162
2012;1;4;77,9;168;Maribu-Brand;W;AFMB12_07;25;171
2012;1;4;77,9;168;Maribu-Brand;W;AFMB12_07;5;189
2012;1;4;98,4;182;Revgrenranden ;W;AFR12_02;75;154
2012;1;4;98,4;182;Revgrenranden ;W;AFR12_02;50;165
2012;1;4;98,4;182;Revgrenranden ;W;AFR12_02;25;175
2012;1;4;98,4;182;Revgrenranden ;W;AFR12_02;5;183
2012;1;4;98,4;182;Revgrenranden ;W;AFR12_02;0;187
2012;1;4;98,4;182;Revgrenranden ;W;AFR12_03;75;160
2012;1;4;98,4;182;Revgrenranden ;W;AFR12_03;50;181
2012;1;4;98,4;182;Revgrenranden ;W;AFR12_03;25;188
2012;1;4;98,4;182;Revgrenranden ;W;AFR12_04;95;167
2012;1;4;98,4;182;Revgrenranden ;W;AFR12_04;75;180
2012;1;4;98,4;182;Revgrenranden ;W;AFR12_05;75;172
2012;1;4;98,4;182;Revgrenranden ;W;AFR12_05;50;182
2012;1;4;98,4;182;Revgrenranden ;W;AFR12_06;75;174
2012;1;4;98,4;182;Revgrenranden ;W;AFR12_06;50;184
2012;1;4;98,4;182;Revgrenranden ;W;AFR12_06;25;189
2012;1;4;101,5;177;Slett√∏ H√;W;AFSH_02;95;136
2012;1;4;101,5;177;Slett√∏ H√;W;AFSH_02;75;153
2012;1;4;101,5;177;Slett√∏ H√;W;AFSH_02;50;162
2012;1;4;101,5;177;Slett√∏ H√;W;AFSH_02;25;170
2012;1;4;101,5;177;Slett√∏ H√;W;AFSH_02;5;175
2012;1;4;101,5;177;Slett√∏ H√;W;AFSH_02;0;181
2012;1;4;101,5;177;Slett√∏ H√;B;AFSH_03;95;144
2012;1;4;101,5;177;Slett√∏ H√;B;AFSH_03;75;160
2012;1;4;101,5;177;Slett√∏ H√;B;AFSH_03;50;172
2012;1;4;101,5;177;Slett√∏ H√;B;AFSH_03;25;179
2012;1;4;101,5;177;Slett√∏ H√;B;AFSH_03;5;181
2012;1;4;101,5;177;Slett√∏ H√;B;AFSH_03;0;192
2012;1;4;101,5;177;Slett√∏ H√;W;AFSH12_01;95;131
2012;1;4;101,5;177;Slett√∏ H√;W;AFSH12_01;75;146
2012;1;4;101,5;177;Slett√∏ H√;W;AFSH12_01;50;158
2012;1;4;101,5;177;Slett√∏ H√;W;AFSH12_01;25;163
2012;1;4;101,5;177;Slett√∏ H√;W;AFSH12_01;5;174
2012;1;4;101,5;177;Slett√∏ H√;W;AFSH12_01;0;182
2012;1;4;101,5;177;Slett√∏ H√;B;AFSH12_04;50;160
2012;1;4;101,5;177;Slett√∏ H√;B;AFSH12_04;25;170
2012;1;4;101,5;177;Slett√∏ H√;B;AFSH12_04;5;178
2012;1;4;101,5;177;Slett√∏ H√;B;AFSH12_04;0;189
2012;1;4;101,5;177;Slett√∏ H√;W;AFSH12_05;95;160
2012;1;4;101,5;177;Slett√∏ H√;W;AFSH12_05;75;179
2012;1;4;101,5;177;Slett√∏ H√;W;AFSH12_05;50;186
2012;1;4;101,5;177;Slett√∏ H√;W;AFSH12_05;25;194
2012;1;4;101,5;177;Slett√∏ H√;W;AFSH12_05;5;199
2012;1;4;101,5;177;Slett√∏ H√;W;AFSH12_05;0;204
2012;1;4;101,5;177;Slett√∏ H√;W;AFSH12_06;5;177
2012;1;4;101,5;177;Slett√∏ H√;W;AFSH12_06;0;192
2012;1;4;96,4;176;Sletth√∏ La;W;AFSL12_01;95;132
2012;1;4;96,4;176;Sletth√∏ La;W;AFSL12_01;75;143
2012;1;4;96,4;176;Sletth√∏ La;W;AFSL12_01;50;156
2012;1;4;96,4;176;Sletth√∏ La;W;AFSL12_01;25;160
2012;1;4;96,4;176;Sletth√∏ La;W;AFSL12_01;5;168
2012;1;4;96,4;176;Sletth√∏ La;W;AFSL12_01;0;180
2012;1;4;96,4;176;Sletth√∏ La;B;AFSL12_02;95;160
2012;1;4;96,4;176;Sletth√∏ La;B;AFSL12_02;75;169
2012;1;4;96,4;176;Sletth√∏ La;B;AFSL12_02;50;174
2012;1;4;96,4;176;Sletth√∏ La;B;AFSL12_02;25;180
2012;1;4;96,4;176;Sletth√∏ La;B;AFSL12_02;5;188
2012;1;4;96,4;176;Sletth√∏ La;B;AFSL12_02;0;195
2012;1;4;96,4;176;Sletth√∏ La;W;AFSL12_01;75;165
2012;1;4;96,4;176;Sletth√∏ La;W;AFSL12_01;50;177
2012;1;4;96,4;176;Sletth√∏ La;W;AFSL12_01;25;190
2012;1;4;96,4;176;Sletth√∏ La;W;AFSL12_01;5;204
2012;1;4;96,4;176;Sletth√∏ La;W;AFSL12_01;0;212
2012;1;4;96,4;176;Sletth√∏ La;B;AFSL12_04;50;161
2012;1;4;96,4;176;Sletth√∏ La;B;AFSL12_04;25;172
2012;1;4;96,4;176;Sletth√∏ La;B;AFSL12_04;5;180
2012;1;4;96,4;176;Sletth√∏ La;B;AFSL12_04;0;197
2012;1;4;69,8;164;Str√•lsj√∏h;W;AFST12_02;95;144
2012;1;4;69,8;164;Str√•lsj√∏h;W;AFST12_02;75;157
2012;1;4;69,8;164;Str√•lsj√∏h;W;AFST12_02;50;166
2012;1;4;69,8;164;Str√•lsj√∏h;W;AFST12_02;25;173
2012;1;4;69,8;164;Str√•lsj√∏h;W;AFST12_02;5;189
2012;1;4;69,8;164;Str√•lsj√∏h;W;AFST12_02;0;200
2012;1;4;69,8;164;Str√•lsj√∏h;B;AFST12_03;95;148
2012;1;4;69,8;164;Str√•lsj√∏h;B;AFST12_03;75;159
2012;1;4;69,8;164;Str√•lsj√∏h;B;AFST12_03;50;170
2012;1;4;69,8;164;Str√•lsj√∏h;B;AFST12_03;25;180
2012;1;4;69,8;164;Str√•lsj√∏h;B;AFST12_03;5;190
2012;1;4;69,8;164;Str√•lsj√∏h;B;AFST12_03;0;201
2012;1;4;69,8;164;Str√•lsj√∏h;W;AFST12_04;5;191
2012;1;4;69,8;164;Str√•lsj√∏h;W;AFST12_04;0;207
2013;2;5,75;114,19;156;Geit√•t√¶l;B;AFG13_01;25;166
2013;2;5,75;52,5;145;Str√•lsj√∏h;W;AFK11_01;5;180
2013;2;5,75;52,5;145;Str√•lsj√∏h;W;AFK11_01;0;193
2013;2;5,75;73,4;146;Maribu-Brand;W;AFMB13_01;75;163
2013;2;5,75;73,4;146;Maribu-Brand;W;AFMB13_01;50;175
2013;2;5,75;73,4;146;Maribu-Brand;W;AFMB13_01;25;187
2013;2;5,75;73,4;146;Maribu-Brand;W;AFMB13_01;5;193
2013;2;5,75;73,4;146;Maribu-Brand;W;AFMB13_01;0;204
2013;2;5,75;73,4;146;Maribu-Brand;W;AFMB13_02;75;159
2013;2;5,75;73,4;146;Maribu-Brand;W;AFMB13_02;50;175
2013;2;5,75;73,4;146;Maribu-Brand;W;AFMB13_02;25;184
2013;2;5,75;73,4;146;Maribu-Brand;W;AFMB13_02;5;191
2013;2;5,75;73,4;146;Maribu-Brand;W;AFMB13_02;0;201
2013;2;5,75;73,4;146;Maribu-Brand;W;AFMB13_03;95;183
2013;2;5,75;73,4;146;Maribu-Brand;W;AFMB13_03;75;188
2013;2;5,75;73,4;146;Maribu-Brand;W;AFMB13_03;50;199
2013;2;5,75;73,4;146;Maribu-Brand;W;AFMB13_04;95;180
2013;2;5,75;73,4;146;Maribu-Brand;W;AFMB13_04;75;183
2013;2;5,75;73,4;146;Maribu-Brand;W;AFMB13_04;50;189
2013;2;5,75;73,4;146;Maribu-Brand;W;AFMB13_04;25;205
2013;2;5,75;83,19;148;≈motsdalen;W;AFMOT13_01;95;130
2013;2;5,75;83,19;148;≈motsdalen;W;AFMOT13_01;75;144
2013;2;5,75;83,19;148;≈motsdalen;W;AFMOT13_01;50;162
2013;2;5,75;83,19;148;≈motsdalen;W;AFMOT13_01;25;165
2013;2;5,75;83,19;148;≈motsdalen;W;AFMOT13_01;5;167
2013;2;5,75;83,19;148;≈motsdalen;W;AFMOT13_01;0;174
2013;2;5,75;83,19;148;≈motsdalen;W;AFMOT13_02;95;134
2013;2;5,75;83,19;148;≈motsdalen;W;AFMOT13_02;75;142
2013;2;5,75;83,19;148;≈motsdalen;W;AFMOT13_02;50;150
2013;2;5,75;83,19;148;≈motsdalen;W;AFMOT13_02;25;157
2013;2;5,75;83,19;148;≈motsdalen;W;AFMOT13_02;5;161
2013;2;5,75;83,19;148;≈motsdalen;W;AFMOT13_02;0;169
2013;2;5,75;79,19;151;Revgrenranden ;W;AFR13_01;95;128
2013;2;5,75;79,19;151;Revgrenranden ;W;AFR13_01;75;132
2013;2;5,75;79,19;151;Revgrenranden ;W;AFR13_01;50;156
2013;2;5,75;79,19;151;Revgrenranden ;W;AFR13_01;25;163
2013;2;5,75;79,19;151;Revgrenranden ;W;AFR13_01;5;174
2013;2;5,75;79,19;151;Revgrenranden ;W;AFR13_01;0;180
2013;2;5,75;79,19;151;Revgrenranden ;W;AFR13_02;95;130
2013;2;5,75;79,19;151;Revgrenranden ;W;AFR13_02;75;137
2013;2;5,75;79,19;151;Revgrenranden ;W;AFR13_02;50;153
2013;2;5,75;79,19;151;Revgrenranden ;W;AFR13_02;25;157
2013;2;5,75;79,19;151;Revgrenranden ;W;AFR13_02;5;166
2013;2;5,75;79,19;151;Revgrenranden ;W;AFR13_02;0;178
2013;2;5,75;94,09;149;Slett√∏ H√;W;AFSH_02;95;124
2013;2;5,75;94,09;149;Slett√∏ H√;W;AFSH_02;75;131
2013;2;5,75;94,09;149;Slett√∏ H√;W;AFSH_02;50;148
2013;2;5,75;94,09;149;Slett√∏ H√;W;AFSH_02;25;152
2013;2;5,75;94,09;149;Slett√∏ H√;W;AFSH_02;5;155
2013;2;5,75;94,09;149;Slett√∏ H√;W;AFSH_02;0;163
2013;2;5,75;94,09;149;Slett√∏ H√;B;AFSH_03;95;134
2013;2;5,75;94,09;149;Slett√∏ H√;B;AFSH_03;75;144
2013;2;5,75;94,09;149;Slett√∏ H√;B;AFSH_03;50;153
2013;2;5,75;94,09;149;Slett√∏ H√;B;AFSH_03;25;157
2013;2;5,75;94,09;149;Slett√∏ H√;B;AFSH_03;5;165
2013;2;5,75;94,09;149;Slett√∏ H√;B;AFSH_03;0;181
2013;2;5,75;94,09;149;Slett√∏ H√;B;AFSH13_04;95;144
2013;2;5,75;94,09;149;Slett√∏ H√;B;AFSH13_04;75;157
2013;2;5,75;94,09;149;Slett√∏ H√;B;AFSH13_04;50;166
2013;2;5,75;94,09;149;Slett√∏ H√;W;AFSHII13_01;75;166
2013;2;5,75;94,09;149;Slett√∏ H√;W;AFSHII13_01;50;172
2013;2;5,75;94,09;149;Slett√∏ H√;W;AFSHII13_01;25;179
2013;2;5,75;94,09;149;Slett√∏ H√;W;AFSHII13_01;5;191
2013;2;5,75;94,09;149;Slett√∏ H√;W;AFSHII13_01;0;202
2013;2;5,75;94,09;149;Slett√∏ H√;W;AFSHII13_05;50;170
2013;2;5,75;94,09;149;Slett√∏ H√;W;AFSHII13_05;25;179
2013;2;5,75;94,09;149;Slett√∏ H√;W;AFSHII13_05;5;188
2013;2;5,75;94,09;149;Slett√∏ H√;W;AFSHII13_05;0;195
2013;2;5,75;89,3;148;Sletth√∏ La;W;AFSL13_01;95;118
2013;2;5,75;89,3;148;Sletth√∏ La;W;AFSL13_01;75;115
2013;2;5,75;89,3;148;Sletth√∏ La;W;AFSL13_01;50;126
2013;2;5,75;89,3;148;Sletth√∏ La;W;AFSL13_01;25;132
2013;2;5,75;89,3;148;Sletth√∏ La;W;AFSL13_01;5;136
2013;2;5,75;89,3;148;Sletth√∏ La;W;AFSL13_01;0;145
2013;2;5,75;89,3;148;Sletth√∏ La;B;AFSL13_02;95;121
2013;2;5,75;89,3;148;Sletth√∏ La;B;AFSL13_02;75;132
2013;2;5,75;89,3;148;Sletth√∏ La;B;AFSL13_02;50;135
2013;2;5,75;89,3;148;Sletth√∏ La;B;AFSL13_02;25;138
2013;2;5,75;89,3;148;Sletth√∏ La;B;AFSL13_02;5;140
2013;2;5,75;89,3;148;Sletth√∏ La;B;AFSL13_02;0;143
2013;2;5,75;89,3;148;Sletth√∏ La;B;AFSL13_03;95;126
2013;2;5,75;89,3;148;Sletth√∏ La;B;AFSL13_03;75;136
2013;2;5,75;89,3;148;Sletth√∏ La;B;AFSL13_03;50;151
2013;2;5,75;89,3;148;Sletth√∏ La;B;AFSL13_03;25;156
2013;2;5,75;89,3;148;Sletth√∏ La;B;AFSL13_03;5;165
2013;2;5,75;89,3;148;Sletth√∏ La;B;AFSL13_03;0;177
2013;2;5,75;89,3;148;Sletth√∏ La;W;AFSL13_04;95;129
2013;2;5,75;89,3;148;Sletth√∏ La;W;AFSL13_04;75;142
2013;2;5,75;89,3;148;Sletth√∏ La;W;AFSL13_04;0;180
2013;2;5,75;65,3;147;S√¶terfjellet;W;AFSTR13_01;95;127
2013;2;5,75;65,3;147;S√¶terfjellet;W;AFSTR13_01;75;146
2013;2;5,75;65,3;147;S√¶terfjellet;W;AFSTR13_01;50;156
2013;2;5,75;65,3;147;S√¶terfjellet;W;AFSTR13_01;25;161
2013;2;5,75;65,3;147;S√¶terfjellet;W;AFSTR13_01;5;167
2013;2;5,75;65,3;147;S√¶terfjellet;W;AFSTR13_01;0;173
2013;2;5,75;65,3;147;S√¶terfjellet;B;AFSTR13_02;95;131
2013;2;5,75;65,3;147;S√¶terfjellet;B;AFSTR13_02;75;141
2013;2;5,75;65,3;147;S√¶terfjellet;B;AFSTR13_02;50;154
2013;2;5,75;65,3;147;S√¶terfjellet;B;AFSTR13_02;25;160
2013;2;5,75;65,3;147;S√¶terfjellet;B;AFSTR13_02;5;165
2013;2;5,75;65,3;147;S√¶terfjellet;B;AFSTR13_02;0;171
2013;2;5,75;68,5;145;Tj√∏nnglupe;W;AFTJ13_02;25;125
2013;2;5,75;68,5;145;Tj√∏nnglupe;W;AFTJ13_02;5;133
2013;2;5,75;68,5;145;Tj√∏nnglupe;W;AFTJ13_02;0;148
2013;2;5,75;68,5;145;Tj√∏nnglupe;W;AFTJ13_03;0;130
2013;2;5,75;68,5;145;Tj√∏nnglupe;W;AFTJ13_04;50;149
2013;2;5,75;68,5;145;Tj√∏nnglupe;W;AFTJ13_05;25;182
2013;2;5,75;68,5;145;Tj√∏nnglupe;W;AFTJ13_05;5;191
2013;2;5,75;68,5;145;Tj√∏nnglupe;W;AFTJ13_05;0;201
2013;2;5,75;64,19;146;Tyth√∏kolle;W;AFTYT13_01;50;152
2013;2;5,75;64,19;146;Tyth√∏kolle;W;AFTYT13_01;25;167
2013;2;5,75;64,19;146;Tyth√∏kolle;W;AFTYT13_01;5;179
2013;2;5,75;64,19;146;Tyth√∏kolle;W;AFTYT13_01;0;196
2013;2;5,75;64,19;146;Tyth√∏kolle;B;AFTYT13_02;50;147
2013;2;5,75;64,19;146;Tyth√∏kolle;B;AFTYT13_02;25;153
2013;2;5,75;64,19;146;Tyth√∏kolle;B;AFTYT13_02;5;161
2013;2;5,75;64,19;146;Tyth√∏kolle;B;AFTYT13_02;0;174
2013;2;5,75;107,3;152;Vangsvatnet;W;AFV13_01;95;125
2013;2;5,75;107,3;152;Vangsvatnet;W;AFV13_01;75;132
2013;2;5,75;107,3;152;Vangsvatnet;W;AFV13_01;50;140
2013;2;5,75;107,3;152;Vangsvatnet;W;AFV13_01;25;150
2013;2;5,75;107,3;152;Vangsvatnet;W;AFV13_01;5;156
2013;2;5,75;107,3;152;Vangsvatnet;W;AFV13_01;0;164
2013;2;5,75;107,3;152;Vangsvatnet;B;AFV13_02;95;134
2013;2;5,75;107,3;152;Vangsvatnet;B;AFV13_02;75;142
2013;2;5,75;107,3;152;Vangsvatnet;B;AFV13_02;50;151
2013;2;5,75;107,3;152;Vangsvatnet;B;AFV13_02;25;156
2013;2;5,75;107,3;152;Vangsvatnet;B;AFV13_02;5;166
2013;2;5,75;107,3;152;Vangsvatnet;B;AFV13_02;0;174
2013;2;5,75;85,5;150;Ylsbotten;W;AFYL_01;75;148
2013;2;5,75;85,5;150;Ylsbotten;W;AFYL_01;50;161
2013;2;5,75;85,5;150;Ylsbotten;W;AFYL_01;25;165
2013;2;5,75;85,5;150;Ylsbotten;W;AFYL_01;5;170
2013;2;5,75;85,5;150;Ylsbotten;W;AFYL_01;0;177
2014;3;6,88;62,2;148;Aurh√∏;W;AFA14_01;95;139
2014;3;6,88;62,2;148;Aurh√∏;W;AFA14_01;75;149
2014;3;6,88;62,2;148;Aurh√∏;W;AFA14_01;50;158
2014;3;6,88;62,2;148;Aurh√∏;W;AFA14_02;75;148
2014;3;6,88;62,2;148;Aurh√∏;W;AFA14_02;50;158
2014;3;6,88;62,2;148;Aurh√∏;W;AFA14_03;50;160
2014;3;6,88;62,2;148;Aurh√∏;W;AFA14_03;25;171
2014;3;6,88;62,2;148;Aurh√∏;W;AFA14_03;5;179
2014;3;6,88;62,2;148;Aurh√∏;W;AFA14_04;75;169
2014;3;6,88;62,2;148;Aurh√∏;W;AFA14_04;50;178
2014;3;6,88;55,59;147;Kjelsungbandet S;W;AFK_01;95;134
2014;3;6,88;55,59;147;Kjelsungbandet S;W;AFK_01;75;147
2014;3;6,88;55,59;147;Kjelsungbandet S;W;AFK_01;50;168
2014;3;6,88;55,59;147;Kjelsungbandet S;W;AFK_01;25;179
2014;3;6,88;55,59;147;Kjelsungbandet S;W;AFK_01;5;183
2014;3;6,88;55,59;147;Kjelsungbandet S;W;AFK_01;0;197
2014;3;6,88;55,59;147;Kjelsungbandet N;B;AFK14_02;95;147
2014;3;6,88;55,59;147;Kjelsungbandet N;B;AFK14_02;75;157
2014;3;6,88;55,59;147;Kjelsungbandet N;B;AFK14_02;50;166
2014;3;6,88;55,59;147;Kjelsungbandet N;B;AFK14_02;25;178
2014;3;6,88;55,59;147;Kjelsungbandet N;B;AFK14_02;5;184
2014;3;6,88;55,59;147;Kjelsungbandet S;W;AFK14_03;95;131
2014;3;6,88;55,59;147;Kjelsungbandet S;W;AFK14_03;75;139
2014;3;6,88;55,59;147;Kjelsungbandet S;W;AFK14_03;50;145
2014;3;6,88;55,59;147;Kjelsungbandet S;W;AFK14_03;25;153
2014;3;6,88;55,59;147;Kjelsungbandet S;W;AFK14_03;5;161
2014;3;6,88;55,59;147;Kjelsungbandet S;W;AFK14_03;0;170
2014;3;6,88;93,19;156;Slett√∏ H√;W;AFMB_01;95;132
2014;3;6,88;93,19;156;Slett√∏ H√;W;AFMB_01;75;155
2014;3;6,88;93,19;156;Slett√∏ H√;W;AFMB_01;50;165
2014;3;6,88;53;148;Maribu-Brand;B;AFMB14_02;95;131
2014;3;6,88;53;148;Maribu-Brand;B;AFMB14_02;75;137
2014;3;6,88;53;148;Maribu-Brand;B;AFMB14_02;50;156
2014;3;6,88;53;148;Maribu-Brand;B;AFMB14_02;25;171
2014;3;6,88;53;148;Maribu-Brand;B;AFMB14_02;5;183
2014;3;6,88;53;148;Maribu-Brand;W;AFMB14_03;75;133
2014;3;6,88;53;148;Maribu-Brand;W;AFMB14_03;50;140
2014;3;6,88;53;148;Maribu-Brand;W;AFMB14_03;25;152
2014;3;6,88;53;148;Maribu-Brand;W;AFMB14_03;5;161
2014;3;6,88;53;148;Maribu-Brand;W;AFMB14_03;0;174
2014;3;6,88;53;148;Maribu-Brand;B;AFMB14_04;50;151
2014;3;6,88;53;148;Maribu-Brand;B;AFMB14_04;25;161
2014;3;6,88;53;148;Maribu-Brand;B;AFMB14_04;5;174
2014;3;6,88;53;148;Maribu-Brand;W;AFMB14_05;95;142
2014;3;6,88;53;148;Maribu-Brand;W;AFMB14_05;75;153
2014;3;6,88;53;148;Maribu-Brand;W;AFMB14_05;50;172
2014;3;6,88;53;148;Maribu-Brand;W;AFMB14_05;25;181
2014;3;6,88;53;148;Maribu-Brand;W;AFMB14_05;5;187
2014;3;6,88;80,9;155;Revgrenranden ;W;AFR14_01;95;122
2014;3;6,88;80,9;155;Revgrenranden ;W;AFR14_01;75;128
2014;3;6,88;80,9;155;Revgrenranden ;W;AFR14_01;50;166
2014;3;6,88;80,9;155;Revgrenranden ;W;AFR14_01;25;173
2014;3;6,88;80,9;155;Revgrenranden ;W;AFR14_01;5;180
2014;3;6,88;80,9;155;Revgrenranden ;W;AFR14_01;0;193
2014;3;6,88;80,9;155;Revgrenranden ;W;AFR14_02;95;118
2014;3;6,88;80,9;155;Revgrenranden ;W;AFR14_02;75;134
2014;3;6,88;80,9;155;Revgrenranden ;W;AFR14_02;50;138
2014;3;6,88;80,9;155;Revgrenranden ;W;AFR14_02;25;154
2014;3;6,88;80,9;155;Revgrenranden ;W;AFR14_02;5;165
2014;3;6,88;80,9;155;Revgrenranden ;W;AFR14_02;0;184
2014;3;6,88;80,9;155;Revgrenranden ;B;AFR14_03;95;134
2014;3;6,88;80,9;155;Revgrenranden ;B;AFR14_03;25;174
2014;3;6,88;80,9;155;Revgrenranden ;B;AFR14_03;5;184
2014;3;6,88;80,9;155;Revgrenranden ;B;AFR14_03;0;201
2014;3;6,88;93,19;156;Slett√∏ H√;W;AFSH_02;95;122
2014;3;6,88;93,19;156;Slett√∏ H√;W;AFSH_02;75;132
2014;3;6,88;93,19;156;Slett√∏ H√;W;AFSH_02;50;142
2014;3;6,88;93,19;156;Slett√∏ H√;W;AFSH_02;25;150
2014;3;6,88;93,19;156;Slett√∏ H√;W;AFSH_02;5;159
2014;3;6,88;93,19;156;Slett√∏ H√;W;AFSH_02;0;165
2014;3;6,88;93,19;156;Slett√∏ H√;B;AFSH_03;95;128
2014;3;6,88;93,19;156;Slett√∏ H√;B;AFSH_03;75;135
2014;3;6,88;93,19;156;Slett√∏ H√;B;AFSH_03;50;144
2014;3;6,88;93,19;156;Slett√∏ H√;B;AFSH_03;25;154
2014;3;6,88;93,19;156;Slett√∏ H√;B;AFSH_03;5;160
2014;3;6,88;93,19;156;Slett√∏ H√;B;AFSH_03;0;171
2014;3;6,88;93,19;156;Slett√∏ H√;B;AFSH14_04;75;142
2014;3;6,88;93,19;156;Slett√∏ H√;B;AFSH14_04;5;161
2014;3;6,88;93,19;156;Slett√∏ H√;B;AFSH14_04;0;165
2014;3;6,88;93,19;156;Slett√∏ H√;W;AFSH14_08;50;159
2014;3;6,88;93,19;156;Slett√∏ H√;W;AFSH14_08;25;165
2014;3;6,88;93,19;156;Slett√∏ H√;W;AFSH14_08;5;171
2014;3;6,88;93,19;156;Slett√∏ H√;W;AFSH14_08;0;176
2014;3;6,88;93,19;156;Slett√∏ H√;W;AFSHII14_01;95;125
2014;3;6,88;93,19;156;Slett√∏ H√;W;AFSHII14_01;75;131
2014;3;6,88;93,19;156;Slett√∏ H√;W;AFSHII14_01;50;146
2014;3;6,88;93,19;156;Slett√∏ H√;W;AFSHII14_01;25;152
2014;3;6,88;93,19;156;Slett√∏ H√;W;AFSHII14_01;5;155
2014;3;6,88;93,19;156;Slett√∏ H√;W;AFSHII14_01;0;163
2014;3;6,88;77,69;154;Sletth√∏ La;W;AFSL14_01;95;129
2014;3;6,88;77,69;154;Sletth√∏ La;W;AFSL14_01;75;142
2014;3;6,88;77,69;154;Sletth√∏ La;W;AFSL14_01;50;154
2014;3;6,88;77,69;154;Sletth√∏ La;W;AFSL14_01;25;173
2014;3;6,88;77,69;154;Sletth√∏ La;W;AFSL14_01;5;156
2014;3;6,88;77,69;154;Sletth√∏ La;W;AFSL14_01;0;172
2014;3;6,88;77,69;154;Sletth√∏ La;W;AFSL14_02;95;127
2014;3;6,88;77,69;154;Sletth√∏ La;W;AFSL14_02;75;156
2014;3;6,88;77,69;154;Sletth√∏ La;W;AFSL14_02;50;161
2014;3;6,88;77,69;154;Sletth√∏ La;W;AFSL14_02;25;166
2014;3;6,88;77,69;154;Sletth√∏ La;W;AFSL14_03;50;152
2014;3;6,88;77,69;154;Sletth√∏ La;W;AFSL14_03;25;159
2014;3;6,88;77,69;154;Sletth√∏ La;W;AFSL14_03;5;162
2014;3;6,88;77,69;154;Sletth√∏ La;W;AFSL14_03;0;170
2015;1;4,05;114,9;184;Geit√•t√¶l;W;AFG15_01;95;146
2015;1;4,05;114,9;184;Geit√•t√¶l;W;AFG15_01;75;152
2015;1;4,05;114,9;184;Geit√•t√¶l;W;AFG15_02;95;153
2015;1;4,05;114,9;184;Geit√•t√¶l;W;AFG15_02;75;161
2015;1;4,05;73,09;182;Kjelsungbandet S;W;AFK_01;95;164
2015;1;4,05;73,09;182;Kjelsungbandet S;W;AFK_01;75;170
2015;1;4,05;73,09;182;Kjelsungbandet S;W;AFK_01;50;183
2015;1;4,05;73,09;182;Kjelsungbandet S;W;AFK_01;25;196
2015;1;4,05;73,09;182;Kjelsungbandet S;W;AFK_01;5;213
2015;1;4,05;73,09;182;Kjelsungbandet S;W;AFK_01;0;237
2015;1;4,05;73,09;182;Kjelsungbandet S;W;AFK15_02;95;147
2015;1;4,05;73,09;182;Kjelsungbandet S;W;AFK15_02;75;157
2015;1;4,05;73,09;182;Kjelsungbandet S;W;AFK15_02;50;167
2015;1;4,05;73,09;182;Kjelsungbandet S;W;AFK15_02;25;181
2015;1;4,05;73,09;182;Kjelsungbandet S;W;AFK15_02;5;189
2015;1;4,05;73,09;182;Kjelsungbandet S;W;AFK15_02;0;201
2015;1;4,05;73,09;182;Kjelsungbandet S;B;AFK15_03;95;166
2015;1;4,05;73,09;182;Kjelsungbandet S;B;AFK15_03;75;175
2015;1;4,05;73,09;182;Kjelsungbandet S;B;AFK15_03;50;182
2015;1;4,05;73,09;182;Kjelsungbandet S;B;AFK15_03;25;187
2015;1;4,05;73,09;182;Kjelsungbandet S;B;AFK15_03;5;200
2015;1;4,05;73,09;182;Kjelsungbandet S;B;AFK15_03;0;211
2015;1;4,05;79,5;182;Kjelsungbandet N;W;AFKN15_01;25;195
2015;1;4,05;79,5;182;Kjelsungbandet N;W;AFKN15_01;5;204
2015;1;4,05;79,5;182;Kjelsungbandet N;W;AFKN15_01;0;227
2015;1;4,05;84,3;183;Maribu-Brand;W;AFMB15_01;95;148
2015;1;4,05;84,3;183;Maribu-Brand;W;AFMB15_01;75;160
2015;1;4,05;84,3;183;Maribu-Brand;W;AFMB15_02;95;148
2015;1;4,05;84,3;183;Maribu-Brand;W;AFMB15_02;75;159
2015;1;4,05;84,3;183;Maribu-Brand;W;AFMB15_02;50;202
2015;1;4,05;84,3;183;Maribu-Brand;W;AFMB15_02;25;219
2015;1;4,05;84,3;183;Maribu-Brand;W;AFMB15_02;5;223
2015;1;4,05;84,3;183;Maribu-Brand;W;AFMB15_02;0;227
2015;1;4,05;84,3;183;Maribu-Brand;W;AFMB15_03;95;153
2015;1;4,05;84,3;183;Maribu-Brand;W;AFMB15_03;75;156
2015;1;4,05;84,3;183;Maribu-Brand;W;AFMB15_03;50;167
2015;1;4,05;84,3;183;Maribu-Brand;W;AFMB15_03;25;190
2015;1;4,05;84,3;183;Maribu-Brand;W;AFMB15_03;5;198
2015;1;4,05;84,3;183;Maribu-Brand;W;AFMB15_03;0;213
2015;1;4,05;115,8;201;Revgrenranden ;W;AFR15_01;95;137
2015;1;4,05;115,8;201;Revgrenranden ;W;AFR15_01;75;150
2015;1;4,05;115,8;201;Revgrenranden ;W;AFR15_01;50;184
2015;1;4,05;115,8;201;Revgrenranden ;W;AFR15_01;25;195
2015;1;4,05;115,8;201;Revgrenranden ;W;AFR15_01;5;213
2015;1;4,05;115,8;201;Revgrenranden ;W;AFR15_01;0;223
2015;1;4,05;115,8;201;Revgrenranden ;W;AFR15_02;95;141
2015;1;4,05;115,8;201;Revgrenranden ;W;AFR15_02;75;152
2015;1;4,05;115,8;201;Revgrenranden ;W;AFR15_02;50;189
2015;1;4,05;115,8;201;Revgrenranden ;W;AFR15_02;25;195
2015;1;4,05;115,8;201;Revgrenranden ;W;AFR15_03;95;140
2015;1;4,05;115,8;201;Revgrenranden ;W;AFR15_03;75;150
2015;1;4,05;115,8;201;Revgrenranden ;W;AFR15_03;50;164
2015;1;4,05;115,8;201;Revgrenranden ;W;AFR15_03;25;186
2015;1;4,05;115,8;201;Revgrenranden ;W;AFR15_03;5;204
2015;1;4,05;115,8;201;Revgrenranden ;W;AFR15_03;0;214
2015;1;4,05;115,8;201;Revgrenranden ;B;AFR15_04;95;152
2015;1;4,05;115,8;201;Revgrenranden ;B;AFR15_04;75;163
2015;1;4,05;115,8;201;Revgrenranden ;B;AFR15_04;50;191
2015;1;4,05;126,09;195;Slett√∏ H√;W;AFSH_02;95;141
2015;1;4,05;126,09;195;Slett√∏ H√;W;AFSH_02;75;157
2015;1;4,05;126,09;195;Slett√∏ H√;W;AFSH_02;50;169
2015;1;4,05;126,09;195;Slett√∏ H√;W;AFSH_02;25;176
2015;1;4,05;126,09;195;Slett√∏ H√;W;AFSH_02;5;191
2015;1;4,05;126,09;195;Slett√∏ H√;W;AFSH_02;0;197
2015;1;4,05;126,09;195;Slett√∏ H√;B;AFSH_03;95;139
2015;1;4,05;126,09;195;Slett√∏ H√;B;AFSH_03;75;151
2015;1;4,05;126,09;195;Slett√∏ H√;B;AFSH_03;50;162
2015;1;4,05;126,09;195;Slett√∏ H√;B;AFSH_03;25;177
2015;1;4,05;126,09;195;Slett√∏ H√;B;AFSH_03;5;181
2015;1;4,05;126,09;195;Slett√∏ H√;B;AFSH_03;0;201
2015;1;4,05;126,09;195;Slett√∏ H√;B;AFSH15_04;75;166
2015;1;4,05;126,09;195;Slett√∏ H√;B;AFSH15_04;50;180
2015;1;4,05;126,09;192;Sletth√∏ La;W;AFSL15_01;95;132
2015;1;4,05;126,09;192;Sletth√∏ La;W;AFSL15_01;75;157
2015;1;4,05;126,09;192;Sletth√∏ La;W;AFSL15_01;50;171
2015;1;4,05;126,09;192;Sletth√∏ La;W;AFSL15_02;95;135
2015;1;4,05;126,09;192;Sletth√∏ La;W;AFSL15_02;75;157
2015;1;4,05;126,09;192;Sletth√∏ La;W;AFSL15_02;50;172
2015;1;4,05;126,09;192;Sletth√∏ La;B;AFSL15_03;95;142
2015;1;4,05;126,09;192;Sletth√∏ La;B;AFSL15_03;75;169
2015;1;4,05;126,09;192;Sletth√∏ La;W;AFSL15_04;95;144
2015;1;4,05;126,09;192;Sletth√∏ La;W;AFSL15_04;75;171
2015;1;4,05;126,09;192;Sletth√∏ La;W;AFSL15_04;50;179
2015;1;4,05;126,09;192;Sletth√∏ La;W;AFSL15_04;25;185
2015;1;4,05;126,09;192;Sletth√∏ La;W;AFSL15_05;50;167
2015;1;4,05;126,09;192;Sletth√∏ La;W;AFSL15_05;25;174
2015;1;4,05;126,09;192;Sletth√∏ La;W;AFSL15_05;5;181
2015;1;4,05;126,09;192;Sletth√∏ La;B;AFSL15_06;95;169
2015;1;4,05;126,09;192;Sletth√∏ La;B;AFSL15_06;75;175
2016;2;5,48;98,3;154;Aurh√∏;W;AFA16_01;95;149
2016;2;5,48;98,3;154;Aurh√∏;W;AFA16_01;75;156
2016;2;5,48;98,3;154;Aurh√∏;W;AFA16_01;50;172
2016;2;5,48;98,3;154;Aurh√∏;W;AFA16_01;25;181
2016;2;5,48;98,3;154;Aurh√∏;W;AFA16_01;5;184
2016;2;5,48;98,3;154;Aurh√∏;W;AFA16_01;0;192
2016;2;5,48;98,3;154;Aurh√∏;B;AFA16_02;95;147
2016;2;5,48;98,3;154;Aurh√∏;B;AFA16_02;75;154
2016;2;5,48;98,3;154;Aurh√∏;B;AFA16_02;50;168
2016;2;5,48;98,3;154;Aurh√∏;B;AFA16_02;25;180
2016;2;5,48;98,3;154;Aurh√∏;B;AFA16_02;5;192
2016;2;5,48;98,3;154;Aurh√∏;W;AFA16_03;95;143
2016;2;5,48;98,3;154;Aurh√∏;W;AFA16_03;75;150
2016;2;5,48;98,3;154;Aurh√∏;W;AFA16_03;50;167
2016;2;5,48;98,3;154;Aurh√∏;W;AFA16_03;25;176
2016;2;5,48;108,09;157;Geit√•t√¶l;W;AFG16_01;95;137
2016;2;5,48;108,09;157;Geit√•t√¶l;W;AFG16_01;75;148
2016;2;5,48;108,09;157;Geit√•t√¶l;W;AFG16_01;50;166
2016;2;5,48;108,09;157;Geit√•t√¶l;W;AFG16_01;25;172
2016;2;5,48;108,09;157;Geit√•t√¶l;W;AFG16_01;5;181
2016;2;5,48;108,09;157;Geit√•t√¶l;W;AFG16_01;0;190
2016;2;5,48;74,5;151;Kjelsungbandet N;W;AFKN16_01;95;157
2016;2;5,48;74,5;151;Kjelsungbandet N;W;AFKN16_01;75;171
2016;2;5,48;74,5;151;Kjelsungbandet N;W;AFKN16_01;50;180
2016;2;5,48;74,5;151;Kjelsungbandet N;W;AFKN16_01;25;189
2016;2;5,48;74,5;151;Kjelsungbandet N;W;AFKN16_01;5;207
2016;2;5,48;74,5;151;Kjelsungbandet N;W;AFKN16_01;0;216
2016;2;5,48;74,5;151;Kjelsungbandet N;W;AFKN16_02;75;160
2016;2;5,48;74,5;151;Kjelsungbandet N;W;AFKN16_02;50;170
2016;2;5,48;74,5;151;Kjelsungbandet N;W;AFKN16_02;25;177
2016;2;5,48;74,5;151;Kjelsungbandet N;W;AFKN16_02;5;195
2016;2;5,48;74,5;151;Kjelsungbandet N;W;AFKN16_02;0;208
2016;2;5,48;74,5;151;Kjelsungbandet N;B;AFKN16_03;95;137
2016;2;5,48;74,5;151;Kjelsungbandet N;B;AFKN16_03;75;162
2016;2;5,48;74,5;151;Kjelsungbandet N;B;AFKN16_03;50;174
2016;2;5,48;74,5;151;Kjelsungbandet N;B;AFKN16_03;25;179
2016;2;5,48;74,5;151;Kjelsungbandet N;B;AFKN16_03;5;186
2016;2;5,48;74,5;151;Kjelsungbandet N;B;AFKN16_03;0;196
2016;2;5,48;74,5;151;Kjelsungbandet N;W;AFKN16_04;95;172
2016;2;5,48;74,5;151;Kjelsungbandet N;W;AFKN16_04;75;183
2016;2;5,48;74,5;151;Kjelsungbandet N;W;AFKN16_04;50;199
2016;2;5,48;74,5;151;Kjelsungbandet N;W;AFKN16_04;25;218
2016;2;5,48;74,5;151;Kjelsungbandet N;W;AFKN16_04;5;228
2016;2;5,48;74,5;151;Kjelsungbandet N;W;AFKN16_04;0;238
2016;2;5,48;74,5;151;Kjelsungbandet N;W;AFKN16_05;95;150
2016;2;5,48;74,5;151;Kjelsungbandet N;W;AFKN16_05;75;160
2016;2;5,48;74,5;151;Kjelsungbandet N;W;AFKN16_05;50;175
2016;2;5,48;74,5;151;Kjelsungbandet N;W;AFKN16_05;25;185
2016;2;5,48;74,5;151;Kjelsungbandet N;W;AFKN16_05;5;198
2016;2;5,48;74,5;151;Kjelsungbandet N;W;AFKN16_05;0;223
2016;2;5,48;74,5;151;Kjelsungbandet N;B;AFKN16_06;5;192
2016;2;5,48;74,5;151;Kjelsungbandet N;B;AFKN16_06;0;197
2016;2;5,48;68,3;151;Kjelsungbandet S;W;AFKS16_02;95;148
2016;2;5,48;68,3;151;Kjelsungbandet S;W;AFKS16_02;75;164
2016;2;5,48;68,3;151;Kjelsungbandet S;W;AFKS16_02;50;173
2016;2;5,48;68,3;151;Kjelsungbandet S;W;AFKS16_02;25;180
2016;2;5,48;68,3;151;Kjelsungbandet S;W;AFKS16_02;5;186
2016;2;5,48;68,3;151;Kjelsungbandet S;W;AFKS16_02;0;192
2016;2;5,48;75,09;153;Lustj√∏nn;W;AFLU16_01;95;133
2016;2;5,48;75,09;153;Lustj√∏nn;W;AFLU16_01;75;152
2016;2;5,48;75,09;153;Lustj√∏nn;W;AFLU16_01;50;167
2016;2;5,48;75,09;153;Lustj√∏nn;W;AFLU16_01;25;173
2016;2;5,48;75,09;153;Lustj√∏nn;W;AFLU16_01;5;183
2016;2;5,48;75,09;153;Lustj√∏nn;W;AFLU16_01;0;190
2016;2;5,48;75,09;153;Lustj√∏nn;W;AFLU16_02;75;146
2016;2;5,48;75,09;153;Lustj√∏nn;W;AFLU16_02;50;160
2016;2;5,48;75,09;153;Lustj√∏nn;W;AFLU16_02;25;172
2016;2;5,48;75,09;153;Lustj√∏nn;W;AFLU16_02;5;178
2016;2;5,48;75,09;153;Lustj√∏nn;W;AFLU16_02;0;197
2016;2;5,48;101,19;155;Miutj√∏nne;W;AFMI16_01;95;133
2016;2;5,48;101,19;155;Miutj√∏nne;W;AFMI16_01;75;138
2016;2;5,48;101,19;155;Miutj√∏nne;W;AFMI16_01;50;146
2016;2;5,48;101,19;155;Miutj√∏nne;W;AFMI16_01;25;153
2016;2;5,48;101,19;155;Miutj√∏nne;W;AFMI16_01;5;163
2016;2;5,48;101,19;155;Miutj√∏nne;W;AFMI16_01;0;173
2016;2;5,48;101,19;155;Miutj√∏nne;W;AFMI16_02;95;147
2016;2;5,48;101,19;155;Miutj√∏nne;W;AFMI16_02;75;154
2016;2;5,48;101,19;155;Miutj√∏nne;W;AFMI16_02;50;162
2016;2;5,48;101,19;155;Miutj√∏nne;W;AFMI16_02;25;171
2016;2;5,48;101,19;155;Miutj√∏nne;W;AFMI16_02;5;208
2016;2;5,48;101,19;155;Miutj√∏nne;B;AFMI16_03;95;139
2016;2;5,48;101,19;155;Miutj√∏nne;B;AFMI16_03;75;147
2016;2;5,48;101,19;155;Miutj√∏nne;B;AFMI16_03;50;162
2016;2;5,48;101,19;155;Miutj√∏nne;B;AFMI16_03;25;173
2016;2;5,48;101,19;155;Miutj√∏nne;B;AFMI16_03;5;183
2016;2;5,48;101,19;155;Miutj√∏nne;B;AFMI16_03;0;193
2016;2;5,48;101,19;155;Miutj√∏nne;B;AFMI16_04;95;149
2016;2;5,48;101,19;155;Miutj√∏nne;B;AFMI16_04;75;159
2016;2;5,48;101,19;155;Miutj√∏nne;B;AFMI16_05;25;162
2016;2;5,48;101,19;155;Miutj√∏nne;B;AFMI16_05;5;173
2016;2;5,48;101,19;155;Miutj√∏nne;B;AFMI16_05;0;185
2016;2;5,48;101,19;155;Miutj√∏nne;W;AFMI16_06;75;175
2016;2;5,48;101,19;155;Miutj√∏nne;W;AFMI16_06;50;181
2016;2;5,48;101,19;155;Miutj√∏nne;B;AFMI16_07;95;175
2016;2;5,48;101,19;155;Miutj√∏nne;B;AFMI16_08;50;179
2016;2;5,48;74,9;152;Salh√∏;W;AFSA16_01;50;189
2016;2;5,48;74,9;152;Salh√∏;W;AFSA16_01;25;201
2016;2;5,48;74,9;152;Salh√∏;W;AFSA16_02;95;159
2016;2;5,48;74,9;152;Salh√∏;W;AFSA16_02;75;168
2016;2;5,48;74,9;152;Salh√∏;W;AFSA16_02;50;186
2016;2;5,48;74,9;152;Salh√∏;W;AFSA16_03;75;158
2016;2;5,48;74,9;152;Salh√∏;W;AFSA16_03;50;165
2016;2;5,48;74,9;152;Salh√∏;W;AFSA16_03;25;179
2016;2;5,48;74,9;152;Salh√∏;W;AFSA16_03;5;198
2016;2;5,48;74,9;152;Salh√∏;W;AFSA16_03;0;209
2016;2;5,48;86,59;155;Slett√∏ H√;W;AFSH16_01;95;131
2016;2;5,48;86,59;155;Slett√∏ H√;W;AFSH16_01;75;138
2016;2;5,48;86,59;155;Slett√∏ H√;W;AFSH16_01;50;147
2016;2;5,48;86,59;155;Slett√∏ H√;W;AFSH16_02;95;140
2016;2;5,48;86,59;155;Slett√∏ H√;W;AFSH16_02;75;147
2016;2;5,48;86,59;155;Slett√∏ H√;B;AFSH16_03;95;127
2016;2;5,48;86,59;155;Slett√∏ H√;B;AFSH16_03;75;141
2017;3;4,93;89,8;157;Maribu-Brand;W;AFMB17_01;95;135
2017;3;4,93;89,8;157;Maribu-Brand;W;AFMB17_01;75;167
2017;3;4,93;89,8;157;Maribu-Brand;W;AFMB17_01;50;183
2017;3;4,93;89,8;157;Maribu-Brand;W;AFMB17_01;25;190
2017;3;4,93;89,8;157;Maribu-Brand;W;AFMB17_01;5;196
2017;3;4,93;89,8;157;Maribu-Brand;W;AFMB17_01;0;205
2017;3;4,93;89,8;157;Maribu-Brand;W;AFMB17_03;95;131
2017;3;4,93;89,8;157;Maribu-Brand;W;AFMB17_03;75;157
2017;3;4,93;89,8;157;Maribu-Brand;W;AFMB17_03;50;167
2017;3;4,93;89,8;157;Maribu-Brand;W;AFMB17_03;25;182
2017;3;4,93;89,8;157;Maribu-Brand;W;AFMB17_03;5;188
2017;3;4,93;89,8;157;Maribu-Brand;W;AFMB17_03;0;191
2017;3;4,93;118,3;163;Slett√∏ H√;W;AFSH17_01;95;120
2017;3;4,93;118,3;163;Slett√∏ H√;W;AFSH17_01;75;138
2017;3;4,93;118,3;163;Slett√∏ H√;W;AFSH17_01;50;154
2017;3;4,93;118,3;163;Slett√∏ H√;W;AFSH17_01;25;158
2017;3;4,93;118,3;163;Slett√∏ H√;W;AFSH17_01;5;162
2017;3;4,93;118,3;163;Slett√∏ H√;W;AFSH17_01;0;169
2017;3;4,93;118,3;163;Slett√∏ H√;B;AFSH17_02;95;121
2017;3;4,93;118,3;163;Slett√∏ H√;B;AFSH17_02;75;154
2017;3;4,93;118,3;163;Slett√∏ H√;B;AFSH17_02;50;157
2017;3;4,93;118,3;163;Slett√∏ H√;B;AFSH17_02;25;160
2017;3;4,93;118,3;163;Slett√∏ H√;B;AFSH17_02;5;161
2017;3;4,93;118,3;163;Slett√∏ H√;B;AFSH17_02;0;166
2017;3;4,93;118,3;163;Slett√∏ H√;B;AFSH17_03;95;153
2017;3;4,93;118,3;163;Slett√∏ H√;B;AFSH17_03;75;167
2017;3;4,93;118,3;163;Slett√∏ H√;B;AFSH17_03;50;171
2017;3;4,93;118,3;163;Slett√∏ H√;B;AFSH17_03;25;174
2017;3;4,93;118,3;163;Slett√∏ H√;B;AFSH17_03;5;176
2017;3;4,93;118,3;163;Slett√∏ H√;B;AFSH17_03;0;180
2017;3;4,93;118,3;163;Slett√∏ H√;W;AFSHII17_01;95;119
2017;3;4,93;118,3;163;Slett√∏ H√;W;AFSHII17_01;75;148
2017;3;4,93;118,3;163;Slett√∏ H√;W;AFSHII17_01;50;187
2017;3;4,93;118,3;163;Slett√∏ H√;W;AFSHII17_01;25;193
2017;3;4,93;118,3;163;Slett√∏ H√;B;AFSHII17_02;95;122
2017;3;4,93;118,3;163;Slett√∏ H√;B;AFSHII17_02;75;140
2017;3;4,93;118,3;163;Slett√∏ H√;B;AFSHII17_02;50;148
2017;3;4,93;118,3;163;Slett√∏ H√;B;AFSHII17_02;25;156
2017;3;4,93;118,3;163;Slett√∏ H√;B;AFSHII17_02;5;160
2017;3;4,93;118,3;163;Slett√∏ H√;B;AFSHII17_02;0;167
2017;3;4,93;118,3;163;Slett√∏ H√;B;AFSHII17_03;95;138
2017;3;4,93;118,3;163;Slett√∏ H√;B;AFSHII17_03;75;147
2017;3;4,93;118,3;163;Slett√∏ H√;B;AFSHII17_03;50;157
2017;3;4,93;118,3;163;Slett√∏ H√;B;AFSHII17_03;25;166
2017;3;4,93;118,3;163;Slett√∏ H√;B;AFSHII17_03;5;171
2017;3;4,93;118,3;163;Slett√∏ H√;B;AFSHII17_03;0;182
2017;3;4,93;118,3;163;Slett√∏ H√;W;AFSHII17_04;95;118
2017;3;4,93;118,3;163;Slett√∏ H√;W;AFSHII17_04;75;133
2017;3;4,93;118,3;163;Slett√∏ H√;W;AFSHII17_04;50;143
2017;3;4,93;118,3;163;Slett√∏ H√;W;AFSHII17_04;25;153
2017;3;4,93;118,3;163;Slett√∏ H√;W;AFSHII17_04;5;168
2017;3;4,93;118,3;163;Slett√∏ H√;W;AFSHII17_04;0;184
2017;3;4,93;118,3;163;Slett√∏ H√;B;AFSHII17_05;95;158
2017;3;4,93;118,3;163;Slett√∏ H√;B;AFSHII17_05;75;165
2017;3;4,93;118,3;163;Slett√∏ H√;B;AFSHII17_05;50;170
2017;3;4,93;118,3;163;Slett√∏ H√;B;AFSHII17_05;25;178
2017;3;4,93;118,3;163;Slett√∏ H√;B;AFSHII17_05;5;182
2017;3;4,93;118,3;163;Slett√∏ H√;B;AFSHII17_05;0;187
2017;3;4,93;118,3;163;Slett√∏ H√;W;AFSHII17_06;95;122
2017;3;4,93;118,3;163;Slett√∏ H√;W;AFSHII17_06;75;147
2017;3;4,93;118,3;163;Slett√∏ H√;W;AFSHII17_06;50;159
2017;3;4,93;118,3;163;Slett√∏ H√;W;AFSHII17_06;25;170
2017;3;4,93;118,3;163;Slett√∏ H√;W;AFSHII17_06;5;174
2017;3;4,93;118,3;163;Slett√∏ H√;W;AFSHII17_06;0;180
2017;3;4,93;118,3;163;Slett√∏ H√;W;AFSHII17_07;95;130
2017;3;4,93;118,3;163;Slett√∏ H√;W;AFSHII17_07;75;140
2017;3;4,93;118,3;163;Slett√∏ H√;W;AFSHII17_07;50;155
2017;3;4,93;118,3;163;Slett√∏ H√;W;AFSHII17_07;25;160
2017;3;4,93;118,3;163;Slett√∏ H√;W;AFSHII17_07;5;163
2017;3;4,93;118,3;163;Slett√∏ H√;W;AFSHII17_07;0;173
2017;3;4,93;115;160;Sletth√∏ La;W;AFSL17_01;95;121
2017;3;4,93;115;160;Sletth√∏ La;W;AFSL17_01;75;148
2017;3;4,93;115;160;Sletth√∏ La;W;AFSL17_01;50;159
2017;3;4,93;115;160;Sletth√∏ La;W;AFSL17_01;25;164
2017;3;4,93;115;160;Sletth√∏ La;W;AFSL17_01;5;167
2017;3;4,93;115;160;Sletth√∏ La;W;AFSL17_01;0;179
2017;3;4,93;115;160;Sletth√∏ La;B;AFSL17_02;95;124
2017;3;4,93;115;160;Sletth√∏ La;B;AFSL17_02;75;138
2017;3;4,93;115;160;Sletth√∏ La;B;AFSL17_02;50;149
2017;3;4,93;115;160;Sletth√∏ La;B;AFSL17_02;25;152
2017;3;4,93;115;160;Sletth√∏ La;B;AFSL17_02;5;158
2017;3;4,93;115;160;Sletth√∏ La;B;AFSL17_02;0;177
2017;3;4,93;118,4;163;Tj√∏nnglupe;W;AFTJ17_01;95;132
2017;3;4,93;118,4;163;Tj√∏nnglupe;W;AFTJ17_01;75;140
2017;3;4,93;118,4;163;Tj√∏nnglupe;W;AFTJ17_01;50;145
2017;3;4,93;118,4;163;Tj√∏nnglupe;W;AFTJ17_01;25;151
2017;3;4,93;118,4;163;Tj√∏nnglupe;W;AFTJ17_01;5;157
2017;3;4,93;118,4;163;Tj√∏nnglupe;W;AFTJ17_01;0;164
2017;3;4,93;118,4;163;Tj√∏nnglupe;W;AFTJ17_02;95;129
2017;3;4,93;118,4;163;Tj√∏nnglupe;W;AFTJ17_02;75;135
2017;3;4,93;118,4;163;Tj√∏nnglupe;W;AFTJ17_02;50;147
2017;3;4,93;118,4;163;Tj√∏nnglupe;W;AFTJ17_02;25;154
2017;3;4,93;118,4;163;Tj√∏nnglupe;W;AFTJ17_02;5;162
2017;3;4,93;118,4;163;Tj√∏nnglupe;W;AFTJ17_02;0;171
2018;4;8,28;67,59;142;Kjelsungbandet N;W;AFK18_01;95;131
2018;4;8,28;67,59;142;Kjelsungbandet N;W;AFK18_01;75;141
2018;4;8,28;67,59;142;Kjelsungbandet N;W;AFK18_01;50;148
2018;4;8,28;67,59;142;Kjelsungbandet N;W;AFK18_01;25;155
2018;4;8,28;67,59;142;Kjelsungbandet N;W;AFK18_01;5;161
2018;4;8,28;67,59;142;Kjelsungbandet N;W;AFK18_01;0;171
2018;4;8,28;67,59;142;Kjelsungbandet N;B;AFK18_02;95;137
2018;4;8,28;67,59;142;Kjelsungbandet N;B;AFK18_02;75;143
2018;4;8,28;67,59;142;Kjelsungbandet N;B;AFK18_02;50;155
2018;4;8,28;67,59;142;Kjelsungbandet N;B;AFK18_02;25;162
2018;4;8,28;67,59;142;Kjelsungbandet N;B;AFK18_02;5;168
2018;4;8,28;67,59;142;Kjelsungbandet N;B;AFK18_02;0;176
2018;4;8,28;67,59;142;Kjelsungbandet N;W;AFKN18_03;95;142
2018;4;8,28;67,59;142;Kjelsungbandet N;W;AFKN18_03;75;153
2018;4;8,28;67,59;142;Kjelsungbandet N;W;AFKN18_03;50;165
2018;4;8,28;67,59;142;Kjelsungbandet N;W;AFKN18_03;25;174
2018;4;8,28;67,59;142;Kjelsungbandet N;W;AFKN18_03;5;183
2018;4;8,28;67,59;142;Kjelsungbandet N;W;AFKN18_03;0;193
2018;4;8,28;110,69;148;Lertj√∏nnbekke;B;AFLE18_01;95;141
2018;4;8,28;110,69;148;Lertj√∏nnbekke;B;AFLE18_01;75;149
2018;4;8,28;110,69;148;Lertj√∏nnbekke;B;AFLE18_01;50;157
2018;4;8,28;110,69;148;Lertj√∏nnbekke;B;AFLE18_01;25;164
2018;4;8,28;110,69;148;Lertj√∏nnbekke;B;AFLE18_01;5;171
2018;4;8,28;110,69;148;Lertj√∏nnbekke;B;AFLE18_01;0;179
2018;4;8,28;110,69;148;Lertj√∏nnbekke;B;AFLE18_02;95;136
2018;4;8,28;110,69;148;Lertj√∏nnbekke;B;AFLE18_02;75;144
2018;4;8,28;110,69;148;Lertj√∏nnbekke;B;AFLE18_02;50;150
2018;4;8,28;110,69;148;Lertj√∏nnbekke;B;AFLE18_02;25;157
2018;4;8,28;71,8;145;Lustj√∏nn;W;AFLU18_01;95;130
2018;4;8,28;71,8;145;Lustj√∏nn;W;AFLU18_01;75;151
2018;4;8,28;71,8;145;Lustj√∏nn;W;AFLU18_01;50;161
2018;4;8,28;71,8;145;Lustj√∏nn;W;AFLU18_01;25;166
2018;4;8,28;71,8;145;Lustj√∏nn;W;AFLU18_01;5;170
2018;4;8,28;71,8;145;Lustj√∏nn;W;AFLU18_01;0;183
2018;4;8,28;71,8;145;Lustj√∏nn;W;AFLU18_02;95;126
2018;4;8,28;71,8;145;Lustj√∏nn;W;AFLU18_02;75;148
2018;4;8,28;71,8;145;Lustj√∏nn;W;AFLU18_02;50;152
2018;4;8,28;71,8;145;Lustj√∏nn;W;AFLU18_02;25;157
2018;4;8,28;71,8;145;Lustj√∏nn;W;AFLU18_02;5;166
2018;4;8,28;71,8;145;Lustj√∏nn;W;AFLU18_02;0;183
2018;4;8,28;71,8;145;Lustj√∏nn;W;AFLU18_03;95;120
2018;4;8,28;71,8;145;Lustj√∏nn;W;AFLU18_03;75;145
2018;4;8,28;71,8;145;Lustj√∏nn;W;AFLU18_03;50;152
2018;4;8,28;71,8;145;Lustj√∏nn;W;AFLU18_03;25;164
2018;4;8,28;71,8;145;Lustj√∏nn;W;AFLU18_03;5;177
2018;4;8,28;71,8;145;Lustj√∏nn;W;AFLU18_03;0;181
2018;4;8,28;71,8;145;Lustj√∏nn;W;AFLU18_04;95;120
2018;4;8,28;71,8;145;Lustj√∏nn;W;AFLU18_04;75;136
2018;4;8,28;71,8;145;Lustj√∏nn;W;AFLU18_04;50;147
2018;4;8,28;71,8;145;Lustj√∏nn;W;AFLU18_04;25;160
2018;4;8,28;71,8;145;Lustj√∏nn;W;AFLU18_04;5;162
2018;4;8,28;71,8;145;Lustj√∏nn;W;AFLU18_04;0;165
2018;4;8,28;71,8;145;Lustj√∏nn;B;AFLU18_05;95;146
2018;4;8,28;71,8;145;Lustj√∏nn;B;AFLU18_05;75;154
2018;4;8,28;71,8;145;Lustj√∏nn;B;AFLU18_05;50;168
2018;4;8,28;71,8;145;Lustj√∏nn;B;AFLU18_05;25;179
2018;4;8,28;71,8;145;Lustj√∏nn;B;AFLU18_05;5;188
2018;4;8,28;71,8;145;Lustj√∏nn;B;AFLU18_05;0;196
2018;4;8,28;71,8;145;Lustj√∏nn;B;AFLU18_06;95;182
2018;4;8,28;71,8;145;Lustj√∏nn;B;AFLU18_06;75;196
2018;4;8,28;71,8;145;Lustj√∏nn;B;AFLU18_06;50;203
2018;4;8,28;71,8;145;Lustj√∏nn;B;AFLU18_06;25;213
2018;4;8,28;71,8;145;Lustj√∏nn;B;AFLU18_06;5;227
2018;4;8,28;71,8;145;Lustj√∏nn;B;AFLU18_06;0;231
2018;4;8,28;71,8;145;Lustj√∏nn;W;AFLU18_07;95;136
2018;4;8,28;71,8;145;Lustj√∏nn;W;AFLU18_07;75;147
2018;4;8,28;71,8;145;Lustj√∏nn;W;AFLU18_07;50;160
2018;4;8,28;71,8;145;Lustj√∏nn;W;AFLU18_07;25;175
2018;4;8,28;71,8;145;Lustj√∏nn;W;AFLU18_07;5;188
2018;4;8,28;71,8;145;Lustj√∏nn;W;AFLU18_07;0;195
2018;4;8,28;98,09;147;Miutj√∏nne;W;AFMI18_01;95;123
2018;4;8,28;98,09;147;Miutj√∏nne;W;AFMI18_01;75;139
2018;4;8,28;98,09;147;Miutj√∏nne;W;AFMI18_01;50;162
2018;4;8,28;98,09;147;Miutj√∏nne;W;AFMI18_01;25;170
2018;4;8,28;98,09;147;Miutj√∏nne;W;AFMI18_01;5;172
2018;4;8,28;98,09;147;Miutj√∏nne;W;AFMI18_01;0;178
2018;4;8,28;98,09;147;Miutj√∏nne;B;AFMI18_02;95;125
2018;4;8,28;98,09;147;Miutj√∏nne;B;AFMI18_02;75;137
2018;4;8,28;98,09;147;Miutj√∏nne;B;AFMI18_02;50;145
2018;4;8,28;98,09;147;Miutj√∏nne;B;AFMI18_02;25;149
2018;4;8,28;98,09;147;Miutj√∏nne;B;AFMI18_02;5;152
2018;4;8,28;98,09;147;Miutj√∏nne;B;AFMI18_02;0;160
2018;4;8,28;98,09;147;Miutj√∏nne;W;AFMI18_03;95;124
2018;4;8,28;98,09;147;Miutj√∏nne;W;AFMI18_03;75;142
2018;4;8,28;98,09;147;Miutj√∏nne;W;AFMI18_03;50;151
2018;4;8,28;98,09;147;Miutj√∏nne;W;AFMI18_03;25;157
2018;4;8,28;98,09;147;Miutj√∏nne;W;AFMI18_03;5;160
2018;4;8,28;98,09;147;Miutj√∏nne;W;AFMI18_03;0;166
2018;4;8,28;98,09;147;Miutj√∏nne;W;AFMI18_04;95;134
2018;4;8,28;98,09;147;Miutj√∏nne;W;AFMI18_04;75;156
2018;4;8,28;98,09;147;Miutj√∏nne;W;AFMI18_04;50;167
2018;4;8,28;98,09;147;Miutj√∏nne;W;AFMI18_04;25;170
2018;4;8,28;98,09;147;Miutj√∏nne;W;AFMI18_04;5;176
2018;4;8,28;98,09;147;Miutj√∏nne;W;AFMI18_04;0;185
2018;4;8,28;98,09;147;Miutj√∏nne;B;AFMI18_05;95;134
2018;4;8,28;98,09;147;Miutj√∏nne;B;AFMI18_05;75;161
2018;4;8,28;98,09;147;Miutj√∏nne;B;AFMI18_05;50;166
2018;4;8,28;98,09;147;Miutj√∏nne;B;AFMI18_05;25;184
2018;4;8,28;98,09;147;Miutj√∏nne;B;AFMI18_05;5;191
2018;4;8,28;98,09;147;Miutj√∏nne;B;AFMI18_05;0;196
2018;4;8,28;146,6;159;Mj√∏lrakkh;W;AFMJ18_01;95;128
2018;4;8,28;146,6;159;Mj√∏lrakkh;W;AFMJ18_01;75;138
2018;4;8,28;146,6;159;Mj√∏lrakkh;W;AFMJ18_01;50;144
2018;4;8,28;146,6;159;Mj√∏lrakkh;W;AFMJ18_01;25;154
2018;4;8,28;146,6;159;Mj√∏lrakkh;W;AFMJ18_01;5;157
2018;4;8,28;146,6;159;Mj√∏lrakkh;W;AFMJ18_01;0;164
2018;4;8,28;146,6;159;Mj√∏lrakkh;B;AFMJ18_02;95;139
2018;4;8,28;146,6;159;Mj√∏lrakkh;B;AFMJ18_02;75;153
2018;4;8,28;146,6;159;Mj√∏lrakkh;B;AFMJ18_02;50;159
2018;4;8,28;146,6;159;Mj√∏lrakkh;B;AFMJ18_02;25;168
2018;4;8,28;146,6;159;Mj√∏lrakkh;B;AFMJ18_02;5;175
2018;4;8,28;146,6;159;Mj√∏lrakkh;B;AFMJ18_02;0;191
2018;4;8,28;146,6;159;Mj√∏lrakkh;W;AFMJ18_03;75;159
2018;4;8,28;146,6;159;Mj√∏lrakkh;W;AFMJ18_03;50;167
2018;4;8,28;146,6;159;Mj√∏lrakkh;W;AFMJ18_03;25;173
2018;4;8,28;146,6;159;Mj√∏lrakkh;W;AFMJ18_03;5;177
2018;4;8,28;146,6;159;Mj√∏lrakkh;W;AFMJ18_03;0;196
2018;4;8,28;66,4;144;Salh√∏;W;AFS18_01;95;123
2018;4;8,28;66,4;144;Salh√∏;W;AFS18_01;75;141
2018;4;8,28;66,4;144;Salh√∏;W;AFS18_01;50;158
2018;4;8,28;66,4;144;Salh√∏;W;AFS18_01;25;169
2018;4;8,28;66,4;144;Salh√∏;W;AFS18_01;5;176
2018;4;8,28;66,4;144;Salh√∏;W;AFS18_01;0;181
2018;4;8,28;66,4;144;Salh√∏;W;AFS18_02;95;124
2018;4;8,28;66,4;144;Salh√∏;W;AFS18_02;75;138
2018;4;8,28;66,4;144;Salh√∏;W;AFS18_02;50;149
2018;4;8,28;66,4;144;Salh√∏;W;AFS18_02;25;158
2018;4;8,28;66,4;144;Salh√∏;W;AFS18_02;5;171
2018;4;8,28;66,4;144;Salh√∏;W;AFS18_02;0;175
2018;4;8,28;66,4;144;Salh√∏;B;AFS18_03;95;123
2018;4;8,28;66,4;144;Salh√∏;B;AFS18_03;75;152
2018;4;8,28;66,4;144;Salh√∏;B;AFS18_03;50;160
2018;4;8,28;66,4;144;Salh√∏;B;AFS18_03;25;171
2018;4;8,28;66,4;144;Salh√∏;B;AFS18_03;5;179
2018;4;8,28;66,4;144;Salh√∏;B;AFS18_03;0;191
2018;4;8,28;64,69;141;Tj√∏nnglupe;W;AFTJ18_01;95;133
2018;4;8,28;64,69;141;Tj√∏nnglupe;W;AFTJ18_01;75;137
2018;4;8,28;64,69;141;Tj√∏nnglupe;W;AFTJ18_02;95;125
2018;4;8,28;64,69;141;Tj√∏nnglupe;W;AFTJ18_02;75;134
2018;4;8,28;64,69;141;Tj√∏nnglupe;W;AFTJ18_02;50;140
